                       Norm,                    Minimum,                    Maximum,                       Mean
        +5.861666638253e-01,        +1.413479086173e-08,        +1.540024519400e-02,        +2.424513713787e-04
