        m,                   Q_ext[1],             κ_ext[1] (GHz)
 1.00e+00,        +1.329015270759e+00,        +4.477986030612e+00
 2.00e+00,        +7.076929091766e+04,        -1.452940934393e-04
