        m,                  p_surf[1],                  Q_surf[1],                  p_surf[2],                  Q_surf[2],                  p_surf[3],                  Q_surf[3]
 1.00e+00,        +6.608518421913e-05,        +2.521997458825e+06,        +2.484131773513e-05,        +1.341850448062e+08,        +1.809512976086e-07,        +1.105269775034e+10
 2.00e+00,        +2.741326038441e-05,        +6.079782715721e+06,        +2.190534354381e-05,        +1.521698724637e+08,        +1.808826565180e-07,        +1.105689201221e+10
