                       Norm,                    Minimum,                    Maximum,                       Mean
        +6.484738281013e-01,        +1.538355268019e-05,        +1.864031782783e-02,        +1.195262677317e-03
