        m,                  p_surf[1],                  Q_surf[1],                  p_surf[2],                  Q_surf[2],                  p_surf[3],                  Q_surf[3]
 1.00e+00,        +6.799886506546e-05,        +2.451021300227e+06,        +2.279813163865e-05,        +1.462108117528e+08,        +1.801896738894e-07,        +1.109941517086e+10
 2.00e+00,        +3.870785484375e-05,        +4.305758284448e+06,        +2.573567774558e-05,        +1.295218787819e+08,        +2.206739866107e-07,        +9.063143466602e+09
 3.00e+00,        +6.793308409628e-05,        +2.453394673359e+06,        +2.309052126554e-05,        +1.443593799811e+08,        +1.782709650141e-07,        +1.121887683640e+10
