        m,                 E_elec (J),                  E_mag (J),                  E_cap (J),                  E_ind (J)
 1.00e+00,        +9.206369027458e-03,        +9.213364128239e-03,        +0.000000000000e+00,        +0.000000000000e+00
 2.00e+00,        +9.206369027458e-03,        +9.205986715270e-03,        +0.000000000000e+00,        +0.000000000000e+00
