        m,                 E_elec (J),                  E_mag (J),                  E_cap (J),                  E_ind (J)
 1.00e+00,        +9.206369027458e-03,        +9.021971280524e-03,        +0.000000000000e+00,        +1.602339373546e-08
 2.00e+00,        +9.206369027459e-03,        +9.207800306024e-03,        +0.000000000000e+00,        +2.153924020542e-11
