        m,                Re{f} (GHz),                Im{f} (GHz),                          Q,              Error (Bkwd.),               Error (Abs.)
 1.00e+00,        +5.971967824715e+00,        +1.948120962712e+00,        +1.612242206832e+00,        +2.279604052578e-11,        +4.568990527317e+03
 2.00e+00,        +1.040849914362e+01,        +4.913038520594e-02,        +1.059284906113e+02,        +8.712848840290e-10,        +2.893595122448e+05
