        m,                Re{f} (GHz),                Im{f} (GHz),                          Q,              Error (Bkwd.),               Error (Abs.)
 1.00e+00,        +6.014101116631e+00,        +2.174971898863e+00,        +1.470203854156e+00,        +8.875920968304e-10,        +4.509503736830e-03
 2.00e+00,        +1.040643132495e+01,        +4.247917663286e-02,        +1.224896390387e+02,        +4.424965979051e-09,        +2.248151310923e-02
