                       Norm,                    Minimum,                    Maximum,                       Mean
        +6.039656882244e-01,        +1.244286235160e-07,        +1.518931933687e-02,        +4.043999671588e-04
