                       Norm,                    Minimum,                    Maximum,                       Mean
        +6.034881921897e-01,        +2.981053623665e-07,        +1.537983428140e-02,        +4.178812476775e-04
