                       Norm,                    Minimum,                    Maximum,                       Mean
        +6.037319859851e-01,        +1.995330898609e-07,        +1.489213483057e-02,        +4.182078130629e-04
