        m,               Re{V[1]} (V),               Im{V[1]} (V),               Re{V[2]} (V),               Im{V[2]} (V)
 1.00e+00,        +4.666667860084e+00,        -9.944109649312e-01,        +6.687805343498e-06,        +1.397262814729e-06
 2.00e+00,        +2.835826328834e-02,        -2.160096647315e-02,        -1.758508561393e-07,        -3.908614477751e-07
