        m,                   Q_ext[1],             κ_ext[1] (GHz)
 1.00e+00,        +1.382562113715e+00,        +4.349968118589e+00
 2.00e+00,        +4.091995885589e+04,        +2.543118716615e-04
