        m,               Re{V[1]} (V),               Im{V[1]} (V),               Re{V[2]} (V),               Im{V[2]} (V)
 1.00e+00,        +4.685332593920e+00,        -9.979412198869e-01,        +6.611754678992e-06,        +1.402304406200e-06
 2.00e+00,        +3.640477457127e-02,        +4.038934811605e-03,        +2.184072479541e-07,        +7.131749536388e-08
