        m,               Re{I[1]} (A),               Im{I[1]} (A),               Re{I[2]} (A),               Im{I[2]} (A)
 1.00e+00,        +1.023392074580e-01,        -2.180725800288e-02,        +3.661079758773e-02,        -1.752325225833e-01
 2.00e+00,        +6.218917387793e-04,        -4.737054051129e-04,        -5.985534573158e-03,        +2.692927084860e-03
