        m,                   Q_ext[1],             κ_ext[1] (GHz)
 1.00e+00,        +1.407515377893e+00,        +4.315547431088e+00
 2.00e+00,        +4.314478883250e+04,        +2.408860646266e-04
