        m,               Re{I[1]} (A),               Im{I[1]} (A),               Re{I[2]} (A),               Im{I[2]} (A)
 1.00e+00,        +1.027485217965e-01,        -2.188467587471e-02,        +3.711006410403e-02,        -1.749710254725e-01
 2.00e+00,        +7.983503195454e-04,        +8.857313183344e-05,        +1.090722800321e-03,        -3.340299093277e-03
