        m,                  p_surf[1],                  Q_surf[1],                  p_surf[2],                  Q_surf[2],                  p_surf[3],                  Q_surf[3]
 1.00e+00,        +6.553493544783e-05,        +2.543172821149e+06,        +2.418982251385e-05,        +1.377989992041e+08,        +1.858974347393e-07,        +1.075862075668e+10
 2.00e+00,        +2.953958624205e-05,        +5.642146281299e+06,        +2.104684901798e-05,        +1.583768349593e+08,        +1.858355467053e-07,        +1.076220365510e+10
