        m,                  p_surf[1],                  Q_surf[1],                  p_surf[2],                  Q_surf[2],                  p_surf[3],                  Q_surf[3]
 1.00e+00,        +6.529781149735e-05,        +2.552408156488e+06,        +2.382175202139e-05,        +1.399281350230e+08,        +1.804625376690e-07,        +1.108263258311e+10
 2.00e+00,        +2.960112762252e-05,        +5.630416137926e+06,        +2.061065397388e-05,        +1.617286543919e+08,        +1.834770856287e-07,        +1.090054375535e+10
