        m,                  p_surf[1],                  Q_surf[1],                  p_surf[2],                  Q_surf[2],                  p_surf[3],                  Q_surf[3]
 1.00e+00,        +6.522061893098e-05,        +2.555429086667e+06,        +2.359495575503e-05,        +1.412731334587e+08,        +1.852908533468e-07,        +1.079384094722e+10
 2.00e+00,        +2.943402700602e-05,        +5.662380707628e+06,        +2.056406556388e-05,        +1.620950547439e+08,        +1.840359764031e-07,        +1.086744037274e+10
