                       Norm,                    Minimum,                    Maximum,                       Mean
        +3.630060440023e-01,        +7.991601982393e-07,        +1.029529953654e-02,        +4.835784516435e-04
