                       Norm,                    Minimum,                    Maximum,                       Mean
        +3.587597870832e-01,        +4.324802695339e-07,        +1.074799330007e-02,        +5.003537004555e-04
