                       Norm,                    Minimum,                    Maximum,                       Mean
        +3.709569818422e-01,        +8.358592107081e-07,        +1.067841321113e-02,        +5.002871317381e-04
