                       Norm,                    Minimum,                    Maximum,                       Mean
        +3.892215847850e-01,        +2.357490371923e-07,        +9.096020739620e-03,        +4.301886862524e-04
