                       Norm,                    Minimum,                    Maximum,                       Mean
        +3.724697860795e-01,        +6.399290602008e-07,        +1.060942333250e-02,        +5.014711658803e-04
