                       Norm,                    Minimum,                    Maximum,                       Mean
        +5.342996116271e-01,        +1.725414303921e-08,        +1.292435081457e-02,        +6.155043861810e-04
