        i,              Φ_elec[1] (C),              Φ_elec[2] (C)
 1.00e+00,        +1.636869006627e-11,        -1.717758770333e-13
 2.00e+00,        -3.905101246817e-12,        +1.793022835889e-13
