        i,              Φ_elec[1] (C),              Φ_elec[2] (C)
 1.00e+00,        +1.104228683343e-11,        -2.946634614547e-13
 2.00e+00,        -5.204275556796e-12,        +2.995152408718e-13
