        i,              Φ_elec[1] (C),              Φ_elec[2] (C)
 1.00e+00,        +1.649132145436e-11,        -1.639789123656e-13
 2.00e+00,        -3.872222957671e-12,        +1.707139901173e-13
