        i,              Φ_elec[1] (C),              Φ_elec[2] (C)
 1.00e+00,        +2.065477268813e-11,        -3.545738566703e-14
 2.00e+00,        -4.362414665789e-12,        +3.885045741758e-14
