        i,              Φ_elec[1] (C),              Φ_elec[2] (C)
 1.00e+00,        +1.320425386079e-11,        -2.114722530813e-13
 2.00e+00,        -3.863133487544e-12,        +2.192030678184e-13
