        i,              Φ_elec[1] (C),              Φ_elec[2] (C)
 1.00e+00,        +7.664628012595e-12,        -5.145237531135e-12
 2.00e+00,        -5.633298466223e-12,        +5.228748781895e-12
