        i,              Φ_elec[1] (C),              Φ_elec[2] (C)
 1.00e+00,        +1.320919302925e-11,        -1.556736066664e-13
 2.00e+00,        -3.870736411594e-12,        +1.632600419520e-13
