                       Norm,                    Minimum,                    Maximum,                       Mean
        +5.084923758674e-01,        +3.340594655440e-09,        +3.737978991913e-02,        +5.436995939438e-04
