                       Norm,                    Minimum,                    Maximum,                       Mean
        +3.767292715587e-01,        +8.997421762772e-08,        +2.716969488760e-02,        +4.046142186755e-04
