                       Norm,                    Minimum,                    Maximum,                       Mean
        +3.663848194320e-01,        +3.167687215583e-07,        +1.882739917329e-02,        +4.432936152986e-04
