                       Norm,                    Minimum,                    Maximum,                       Mean
        +3.643438869751e-01,        +3.170649771381e-07,        +2.117024639161e-02,        +4.415412873220e-04
