                       Norm,                    Minimum,                    Maximum,                       Mean
        +3.658262030333e-01,        +3.168274087443e-07,        +2.193708331461e-02,        +4.430625059754e-04
