        i,              Φ_elec[1] (C),              Φ_elec[2] (C)
 1.00e+00,        +1.155600103522e-11,        -5.007906163916e-12
 2.00e+00,        -5.589293632652e-12,        +5.168600728203e-12
