        i,              Φ_elec[1] (C),              Φ_elec[2] (C)
 1.00e+00,        +1.656592443467e-11,        -9.164943307931e-12
 2.00e+00,        -1.977221449978e-12,        +9.436128477643e-12
