        i,              Φ_elec[1] (C),              Φ_elec[2] (C)
 1.00e+00,        +2.372083833985e-11,        -8.898598360097e-12
 2.00e+00,        -1.594492774039e-12,        +9.378871734139e-12
