        i,              Φ_elec[1] (C),              Φ_elec[2] (C)
 1.00e+00,        +2.383673051063e-11,        -9.005524577039e-12
 2.00e+00,        -1.696229752114e-12,        +9.485687184128e-12
