        i,              Φ_elec[1] (C),              Φ_elec[2] (C)
 1.00e+00,        +2.387232614077e-11,        -9.017359628164e-12
 2.00e+00,        -1.716689264212e-12,        +9.497278207590e-12
