                       Norm,                    Minimum,                    Maximum,                       Mean
        +5.799652940687e-01,        +4.840316214061e-08,        +1.476772221332e-02,        +1.631232894293e-04
