        m,                  p_surf[1],                  Q_surf[1],                  p_surf[2],                  Q_surf[2],                  p_surf[3],                  Q_surf[3]
 1.00e+00,        +3.036046959896e-05,        +5.489594491397e+06,        +3.288365382614e-05,        +1.013674864404e+08,        +2.489988397379e-07,        +8.032165941435e+09
 2.00e+00,        +6.516357168674e-05,        +2.557666229038e+06,        +2.358496180453e-05,        +1.413329968884e+08,        +1.850430836568e-07,        +1.080829372531e+10
 3.00e+00,        +3.004185952602e-05,        +5.547814592580e+06,        +2.111237962137e-05,        +1.578852499393e+08,        +1.867239810106e-07,        +1.071099699768e+10
