                       Norm,                    Minimum,                    Maximum,                       Mean
        +2.519100115039e-01,        +3.923541887119e-08,        +1.586309878199e-02,        +3.227998416242e-04
