        m,                 E_elec (J),                  E_mag (J),                  E_cap (J),                  E_ind (J)
 1.00e+00,        +9.206369027458e-03,        +7.963308655009e-05,        +0.000000000000e+00,        +9.117536161269e-03
 2.00e+00,        +9.206369027458e-03,        +9.205018879284e-03,        +0.000000000000e+00,        +3.893041527705e-06
