        m,                 E_elec (J),                  E_mag (J),                  E_cap (J),                  E_ind (J)
 1.00e+00,        +9.206369027459e-03,        +5.194355150611e-05,        +0.000000000000e+00,        +9.148902186959e-03
 2.00e+00,        +9.206369027458e-03,        +9.204218060086e-03,        +0.000000000000e+00,        +1.519062932204e-06
