        m,                 E_elec (J),                  E_mag (J),                  E_cap (J),                  E_ind (J)
 1.00e+00,        +9.206369027458e-03,        +7.051798764279e-05,        +0.000000000000e+00,        +9.135810071097e-03
 2.00e+00,        +9.206369027458e-03,        +9.209740857255e-03,        +0.000000000000e+00,        +2.676185678150e-11
