        m,                Re{f} (GHz),                Im{f} (GHz),                          Q,              Error (Bkwd.),               Error (Abs.)
 1.00e+00,        +3.427309074185e+00,        +4.244160387366e-06,        +4.037676196674e+05,        +3.815943532714e-17,        +4.172917963645e-03
 2.00e+00,        +5.941709063518e+00,        +1.945178402942e+00,        +1.607053038581e+00,        +1.286543625039e-11,        +2.566426304205e+03
