        m,                Re{f} (GHz),                Im{f} (GHz),                          Q,              Error (Bkwd.),               Error (Abs.)
 1.00e+00,        +3.425851675950e+00,        +6.197516543226e-06,        +2.763890706916e+05,        +2.143898409745e-17,        +2.343459188478e-03
 2.00e+00,        +5.989132833106e+00,        +2.133083552192e+00,        +1.490249515709e+00,        +2.614143922681e-11,        +5.302870015769e+03
