        m,                Re{f} (GHz),                Im{f} (GHz),                          Q,              Error (Bkwd.),               Error (Abs.)
 1.00e+00,        +1.858262838951e+00,        -3.927905575467e-04,        +2.365462769868e+03,        +4.660919164551e-17,        +7.364600989904e-03
 2.00e+00,        +5.269639558451e+00,        +3.578094595043e-03,        +7.363752736605e+02,        +9.563984569007e-09,        +4.285390240907e+06
