                       Norm,                    Minimum,                    Maximum,                       Mean
        +5.846669278586e-01,        +4.845527792980e-08,        +1.373980219622e-02,        +1.897111576834e-04
