                       Norm,                    Minimum,                    Maximum,                       Mean
        +3.269296672921e-01,        +5.500445012391e-08,        +1.092619417367e-02,        +8.308940180607e-05
