                       Norm,                    Minimum,                    Maximum,                       Mean
        +5.834857353003e-01,        +5.171588950681e-08,        +1.442683146973e-02,        +1.887527403254e-04
