                       Norm,                    Minimum,                    Maximum,                       Mean
        +3.218093444993e-01,        +2.562181243527e-08,        +1.108511929721e-02,        +8.281481149459e-05
