        m,                   Q_ext[2],             κ_ext[2] (GHz),                   Q_ext[3],             κ_ext[3] (GHz)
 1.00e+00,        +5.515219368283e+06,        -6.211632660799e-07,        +4.943469771984e+17,        +6.930054868273e-18
 2.00e+00,        +1.403889353157e+00,        +4.266100330226e+00,        +1.168114162560e+06,        +5.127181079615e-06
