        m,               Re{V[1]} (V),               Im{V[1]} (V),               Re{V[2]} (V),               Im{V[2]} (V),               Re{V[3]} (V),               Im{V[3]} (V)
 1.00e+00,        +9.593139578206e+00,        -3.629103472892e-04,        +8.349153029843e-04,        -3.722779107880e-04,        -1.667916115448e-15,        +7.339453870581e-15
 2.00e+00,        +3.503344979791e-01,        +1.200933051402e-02,        -3.158221994080e-02,        +9.089715535329e-02,        -6.478740269958e-07,        -1.441596402060e-06
