        m,                   Q_ext[2],             κ_ext[2] (GHz),                   Q_ext[3],             κ_ext[3] (GHz)
 1.00e+00,        +1.157659387056e+07,        +1.605189626351e-07,        +3.794976535701e+15,        -4.896638546958e-16
 2.00e+00,        +2.962738827350e+03,        -1.778637897409e-03,        +2.440602139437e-01,        -2.159155510560e+01
