        m,               Re{I[1]} (A),               Im{I[1]} (A),               Re{I[2]} (A),               Im{I[2]} (A),               Re{I[3]} (A),               Im{I[3]} (A)
 1.00e+00,        -7.485993108282e-07,        -3.389869499437e-02,        -1.381559719641e-05,        +3.682701359591e-05,        +8.480403434893e-04,        +2.873501259385e-04
 2.00e+00,        +5.068795444423e-07,        -1.674870896647e-06,        +1.012717323833e-01,        -1.921964267279e-02,        +6.830585681875e+02,        +3.558059578521e+02
