        m,                   Q_ext[2],             κ_ext[2] (GHz),                   Q_ext[3],             κ_ext[3] (GHz)
 1.00e+00,        +6.613170380976e+06,        +4.350305762638e-07,        +1.603541403150e+17,        -1.794111032066e-17
 2.00e+00,        +2.080280097912e+04,        -2.679617052298e-04,        +8.303574053121e+01,        -6.713198423065e-02
