        m,               Re{V[1]} (V),               Im{V[1]} (V),               Re{V[2]} (V),               Im{V[2]} (V),               Re{V[3]} (V),               Im{V[3]} (V)
 1.00e+00,        +1.160845991736e+01,        -5.221321943620e-04,        -5.072964885879e-05,        +7.183444841029e-04,        +6.832345410758e-16,        +7.678516993070e-16
 2.00e+00,        +1.067376230805e-03,        +2.170656252844e-04,        +4.661920059184e+00,        -8.765367882211e-01,        +2.459296631213e-10,        -7.652600523336e-11
