        m,               Re{I[1]} (A),               Im{I[1]} (A),               Re{I[2]} (A),               Im{I[2]} (A),               Re{I[3]} (A),               Im{I[3]} (A)
 1.00e+00,        -8.424881753598e-07,        -2.227025688186e-02,        +1.855367339965e-05,        -8.272842461956e-06,        -1.667916115448e-03,        +7.339453870581e-03
 2.00e+00,        +9.831267023290e-06,        -2.867963366553e-04,        -7.018271097955e-04,        +2.019936785629e-03,        -6.478740269958e+05,        -1.441596402060e+06
