        m,               Re{I[1]} (A),               Im{I[1]} (A),               Re{I[2]} (A),               Im{I[2]} (A),               Re{I[3]} (A),               Im{I[3]} (A)
 1.00e+00,        -1.524549241586e-06,        -3.389499623677e-02,        -1.014592977176e-06,        +1.436688968206e-05,        +6.832345410758e-04,        +7.678516993070e-04
 2.00e+00,        +3.655896781315e-07,        -1.797713166945e-06,        +9.323840118367e-02,        -1.753073576442e-02,        +2.459296631213e+02,        -7.652600523336e+01
