        m,               Re{V[1]} (V),               Im{V[1]} (V),               Re{V[2]} (V),               Im{V[2]} (V),               Re{V[3]} (V),               Im{V[3]} (V)
 1.00e+00,        -1.094084178169e+01,        -7.094902322127e-03,        +1.257334322566e-03,        +8.269909091162e-04,        -9.023913641037e-16,        -1.123079896891e-15
 2.00e+00,        +4.380316279320e-01,        -3.781484603392e-03,        -1.037489519160e-02,        +3.588023641805e-02,        -4.676114152283e-09,        +8.800384381613e-08
