        m,                  p_surf[1],                  Q_surf[1],                  p_surf[2],                  Q_surf[2],                  p_surf[3],                  Q_surf[3]
 1.00e+00,        +2.954038014462e-05,        +5.641994647689e+06,        +3.003483360697e-05,        +1.109822473782e+08,        +2.236488885738e-07,        +8.942588593907e+09
 2.00e+00,        +6.502007469800e-05,        +2.563310907297e+06,        +2.346184774274e-05,        +1.420746298366e+08,        +1.847971830773e-07,        +1.082267579351e+10
