        m,                  p_surf[1],                  Q_surf[1],                  p_surf[2],                  Q_surf[2],                  p_surf[3],                  Q_surf[3]
 1.00e+00,        +3.788302264479e-05,        +4.399508144569e+06,        +6.740461305110e-05,        +4.945259949503e+07,        +5.014246442998e-07,        +3.988635227119e+09
 2.00e+00,        +1.254879545523e-04,        +1.328148723607e+06,        +1.514810146038e-04,        +2.200495779654e+07,        +1.133615695937e-06,        +1.764266326912e+09
