        m,                  p_surf[1],                  Q_surf[1],                  p_surf[2],                  Q_surf[2],                  p_surf[3],                  Q_surf[3]
 1.00e+00,        +3.764932404159e-05,        +4.426816972399e+06,        +6.767435950105e-05,        +4.925548402540e+07,        +5.219877114989e-07,        +3.831507822774e+09
 2.00e+00,        +1.230812975397e-04,        +1.354118537895e+06,        +1.424607439571e-04,        +2.339825864125e+07,        +1.094783294742e-06,        +1.826845558938e+09
