        m,                  p_surf[1],                  Q_surf[1],                  p_surf[2],                  Q_surf[2],                  p_surf[3],                  Q_surf[3]
 1.00e+00,        +2.956151403470e-05,        +5.637961116302e+06,        +2.989216921554e-05,        +1.115119250563e+08,        +2.316637066191e-07,        +8.633203833212e+09
 2.00e+00,        +6.493770173419e-05,        +2.566562447019e+06,        +2.310209588479e-05,        +1.442870529997e+08,        +1.812421443515e-07,        +1.103496103048e+10
