        m,                 E_elec (J),                  E_mag (J),                  E_cap (J),                  E_ind (J)
 1.00e+00,        +2.854374675426e-03,        +2.886127245955e-03,        +0.000000000000e+00,        +0.000000000000e+00
 2.00e+00,        +2.854374675426e-03,        +2.855078656871e-03,        +0.000000000000e+00,        +0.000000000000e+00
