        m,                 E_elec (J),                  E_mag (J),                  E_cap (J),                  E_ind (J)
 1.00e+00,        +2.704871247959e-03,        +2.708829480757e-03,        +0.000000000000e+00,        +0.000000000000e+00
 2.00e+00,        +2.704871247959e-03,        +2.704949241204e-03,        +0.000000000000e+00,        +0.000000000000e+00
 3.00e+00,        +2.704871247959e-03,        +2.707267943468e-03,        +0.000000000000e+00,        +0.000000000000e+00
