        m,                 E_elec (J),                  E_mag (J),                  E_cap (J),                  E_ind (J)
 1.00e+00,        +2.854374675426e-03,        +2.838992105651e-03,        +0.000000000000e+00,        +7.469212925523e-09
 2.00e+00,        +2.854374675426e-03,        +2.854288855372e-03,        +0.000000000000e+00,        +1.451468578238e-12
 3.00e+00,        +2.854374675426e-03,        +2.851841498300e-03,        +0.000000000000e+00,        +6.753303701126e-09
