        m,                 E_elec (J),                  E_mag (J),                  E_cap (J),                  E_ind (J)
 1.00e+00,        +2.854374675426e-03,        +2.801832986422e-03,        +0.000000000000e+00,        +4.693411057101e-09
 2.00e+00,        +2.854374675426e-03,        +2.853834126669e-03,        +0.000000000000e+00,        +1.134571834976e-12
 3.00e+00,        +2.854374675426e-03,        +2.850778052812e-03,        +0.000000000000e+00,        +3.698973191734e-09
