        m,                 E_elec (J),                  E_mag (J),                  E_cap (J),                  E_ind (J)
 1.00e+00,        +2.509842432724e-03,        +2.636488070256e-03,        +0.000000000000e+00,        +0.000000000000e+00
 2.00e+00,        +2.509842432724e-03,        +2.510084449175e-03,        +0.000000000000e+00,        +0.000000000000e+00
 3.00e+00,        +2.509842432724e-03,        +2.487377495997e-03,        +0.000000000000e+00,        +0.000000000000e+00
