        m,                Re{f} (GHz),                Im{f} (GHz),                          Q,              Error (Bkwd.),               Error (Abs.)
 1.00e+00,        +5.546426235664e+00,        +1.758669497534e+00,        +1.654253537857e+00,        +2.459350713624e-14,        +1.241237066276e-01
 2.00e+00,        +1.558414604383e+01,        +5.584730169896e-04,        +1.395246106772e+04,        +6.166844011377e-10,        +8.336119591572e+03
 3.00e+00,        +1.714105005507e+01,        +1.892776695727e+00,        +4.555539245656e+00,        +1.717211339271e-10,        +2.568685173142e+03
