        m,                Re{f} (GHz),                Im{f} (GHz),                          Q,              Error (Bkwd.),               Error (Abs.)
 1.00e+00,        +8.541495077633e+00,        +4.487157462350e+00,        +1.075113269772e+00,        +7.258021454407e-13,        +6.132090010695e+00
 2.00e+00,        +2.158061784126e+01,        +3.648671831208e-03,        +2.957325178592e+03,        +1.028109873605e-09,        +1.942844986533e+04
