        m,                Re{f} (GHz),                Im{f} (GHz),                          Q,              Error (Bkwd.),               Error (Abs.)
 1.00e+00,        +5.689832145178e+00,        +1.910351561623e+00,        +1.570906949338e+00,        +4.801330380696e-14,        +2.499616114211e-01
 2.00e+00,        +1.561012222834e+01,        +3.795047253756e-04,        +2.056643987437e+04,        +4.249278443504e-10,        +5.753597236019e+03
 3.00e+00,        +1.707693464182e+01,        +1.833696319551e+00,        +4.683191571873e+00,        +1.269783170624e-09,        +1.891676470772e+04
