        m,                Re{f} (GHz),                Im{f} (GHz),                          Q,              Error (Bkwd.),               Error (Abs.)
 1.00e+00,        +8.705723364517e+00,        +5.126306215259e+00,        +9.853978544486e-01,        +1.076467874985e-08,        +1.794081072430e-03
 2.00e+00,        +2.158131451349e+01,        +2.434791663349e-03,        +4.431860634259e+03,        +1.329946136495e-08,        +2.216545851657e-03
 3.00e+00,        +2.572031762433e+01,        +5.075449094843e+00,        +2.582659164015e+00,        +1.960725837482e-08,        +3.267837427937e-03
