        m,                Re{f} (GHz),                Im{f} (GHz),                          Q,              Error (Bkwd.),               Error (Abs.)
 1.00e+00,        +8.234683049979e+00,        +2.974396146005e+00,        +1.471794616269e+00,        +9.273959504234e-14,        +8.009837367350e-01
 2.00e+00,        +2.192851973591e+01,        -1.299570076677e-03,        +8.436836215285e+03,        +3.630033139678e-11,        +7.852399561984e+02
 3.00e+00,        +2.474402092657e+01,        +2.957855172194e+00,        +4.212542654759e+00,        +2.681476420856e-10,        +6.591855492692e+03
