        m,                Re{f} (GHz),                Im{f} (GHz),                          Q,              Error (Bkwd.),               Error (Abs.)
 1.00e+00,        +8.239525633942e+00,        +2.683806770698e+00,        +1.614422996226e+00,        +7.786338244992e-14,        +6.656015599746e-01
 2.00e+00,        +2.186424080291e+01,        +1.377266989440e-03,        +7.937546246994e+03,        +3.013564539621e-09,        +6.499760946621e+04
 3.00e+00,        +2.481447919244e+01,        +2.676143112185e+00,        +4.663122762833e+00,        +1.088956401526e-08,        +2.681076187809e+05
