                       Norm,                    Minimum,                    Maximum,                       Mean
        +3.241356436246e-01,        +9.603373006059e-07,        +7.306238639298e-03,        +4.321982111254e-04
