                       Norm,                    Minimum,                    Maximum,                       Mean
        +6.497601790139e-01,        +5.337241732361e-06,        +1.523395039073e-02,        +9.816610889083e-04
