                       Norm,                    Minimum,                    Maximum,                       Mean
        +6.500358280306e-01,        +1.592557644778e-05,        +1.738033297126e-02,        +1.200509995082e-03
