                       Norm,                    Minimum,                    Maximum,                       Mean
        +6.507351702951e-01,        +6.482525316859e-06,        +1.451145474754e-02,        +9.850495118968e-04
