                       Norm,                    Minimum,                    Maximum,                       Mean
        +6.448901966504e-01,        +1.833851130021e-05,        +1.795214232161e-02,        +1.221398776375e-03
