                       Norm,                    Minimum,                    Maximum,                       Mean
        +4.937333663047e-01,        +2.552073485596e-06,        +9.445257597902e-03,        +3.213470884080e-04
