                       Norm,                    Minimum,                    Maximum,                       Mean
        +4.918963974534e-01,        +2.442204512273e-06,        +9.578489087182e-03,        +3.220038085159e-04
