                       Norm,                    Minimum,                    Maximum,                       Mean
        +6.467642070592e-01,        +1.911086974260e-05,        +1.724267484989e-02,        +1.222132507323e-03
