        m,                   Q_ext[1],             κ_ext[1] (GHz)
 1.00e+00,        +1.557679188444e+00,        +5.277189905345e+00
 2.00e+00,        +1.858877909890e+04,        -1.102423197735e-03
 3.00e+00,        +4.565728479565e+00,        -5.394117005352e+00
