        m,               Re{I[1]} (A),               Im{I[1]} (A),               Re{I[2]} (A),               Im{I[2]} (A)
 1.00e+00,        +6.034430230962e-02,        -1.201371709182e-02,        +1.337845204518e-02,        -1.214884474834e-01
 2.00e+00,        -8.141242205295e-04,        +3.578560805707e-04,        -1.105120574139e-03,        -1.296782816470e-03
 3.00e+00,        -6.130124175655e-02,        -1.057371485416e-02,        +3.091266795869e-02,        -1.120313097394e-01
