        m,               Re{V[1]} (V),               Im{V[1]} (V),               Re{V[2]} (V),               Im{V[2]} (V)
 1.00e+00,        +2.395118219066e+00,        -4.843908078448e-01,        +1.944527858564e-13,        +6.654866916217e-13
 2.00e+00,        +4.361900555523e-03,        +1.374578240674e-03,        +5.627752732971e-09,        +3.903962708670e-09
 3.00e+00,        -2.238610589710e+00,        -8.963961021930e-01,        -1.820025299980e-08,        -6.568207215752e-09
