        m,               Re{I[1]} (A),               Im{I[1]} (A),               Re{I[2]} (A),               Im{I[2]} (A)
 1.00e+00,        +8.581866808539e-02,        -2.432031108743e-02,        +2.462691989740e-02,        -9.370345207392e-02
 2.00e+00,        -8.321380919894e-04,        -4.198410689425e-04,        -1.354333427960e-03,        -6.594881620335e-04
 3.00e+00,        -4.120667134280e-02,        -7.895960937066e-02,        +8.132414125970e-02,        -2.800589994697e-02
