        m,               Re{V[1]} (V),               Im{V[1]} (V),               Re{V[2]} (V),               Im{V[2]} (V)
 1.00e+00,        -4.029836023840e+00,        +9.924665250405e-01,        -9.530912748773e-11,        -1.056916640763e-10
 2.00e+00,        +3.214850297439e-03,        -1.161509418858e-04,        -9.931528541989e-08,        -1.368335241246e-07
 3.00e+00,        -2.789625518882e+00,        +3.023314599919e+00,        +8.309215286037e-08,        -4.853818764596e-09
