        m,               Re{I[1]} (A),               Im{I[1]} (A),               Re{I[2]} (A),               Im{I[2]} (A)
 1.00e+00,        +8.528412744635e-02,        -2.100147888847e-02,        -2.030651564624e-01,        +1.933935827182e+00
 2.00e+00,        -1.475556842088e-04,        -1.776971866202e-04,        +1.585781903036e+03,        +1.613106719850e+03
