        m,               Re{V[1]} (V),               Im{V[1]} (V),               Re{V[2]} (V),               Im{V[2]} (V)
 1.00e+00,        +3.126370714631e+00,        -4.043329834899e-01,        -1.578003993603e-12,        +9.180339539768e-13
 2.00e+00,        -7.555987751494e-03,        +4.893504414534e-03,        +1.476164072533e-10,        -7.053308196379e-10
 3.00e+00,        +1.885709220539e+00,        -2.509371168014e+00,        +5.369525610084e-09,        -4.439034475111e-10
