        m,               Re{V[1]} (V),               Im{V[1]} (V),               Re{V[2]} (V),               Im{V[2]} (V)
 1.00e+00,        +3.888956211553e+00,        -9.576674373143e-01,        -2.030651564624e-13,        +1.933935827182e-12
 2.00e+00,        -6.728539199919e-03,        -8.102991709879e-03,        +1.585781903036e-09,        +1.613106719850e-09
