        m,               Re{V[1]} (V),               Im{V[1]} (V),               Re{V[2]} (V),               Im{V[2]} (V)
 1.00e+00,        +2.445641466266e+00,        -1.902094519572e-01,        -4.559378572263e-14,        -4.381042679607e-13
 2.00e+00,        +1.608036520018e-02,        -1.812872876993e-02,        -7.076433673418e-09,        -6.703606829221e-09
 3.00e+00,        +2.365382835314e+00,        -6.166391270316e-01,        -2.009617104116e-10,        +2.558574849761e-09
