        m,                   Q_ext[1],             κ_ext[1] (GHz),                   Q_ext[2],             κ_ext[2] (GHz)
 1.00e+00,        +1.502665414080e+00,        +3.786493048861e+00,        +3.733324390534e+11,        +1.524065832480e-11
 2.00e+00,        +1.176959270370e+06,        +1.326309467229e-05,        +1.049479138643e+04,        +1.487416152790e-03
 3.00e+00,        +4.631202188583e+00,        -3.687365385151e+00,        +1.438604297824e+03,        -1.187048771344e-02
