        m,               Re{V[1]} (V),               Im{V[1]} (V),               Re{V[2]} (V),               Im{V[2]} (V)
 1.00e+00,        +3.017215115481e+00,        -6.006858545908e-01,        +6.274737918770e-06,        +6.909815878077e-07
 2.00e+00,        -4.070621102647e-02,        +1.789280402854e-02,        +1.669730288466e-07,        -1.422947059147e-07
 3.00e+00,        -3.065062087828e+00,        -5.286857427081e-01,        +1.733603299974e-05,        +4.783511262061e-06
