        m,                   Q_ext[1],             κ_ext[1] (GHz),                   Q_ext[2],             κ_ext[2] (GHz)
 1.00e+00,        +1.380601958861e+00,        +5.964559877035e+00,        +8.862324963349e+10,        -9.291786392435e-11
 2.00e+00,        +4.508374680617e+05,        -4.863952375162e-05,        +1.514700433210e+06,        +1.447713307207e-05
 3.00e+00,        +4.184227379977e+00,        +5.913641559008e+00,        +3.057462954227e+04,        +8.092991246996e-04
