        m,               Re{I[1]} (A),               Im{I[1]} (A),               Re{I[2]} (A),               Im{I[2]} (A)
 1.00e+00,        -8.955191164088e-02,        +2.205481166757e-02,        -9.530912748773e+01,        -1.056916640763e+02
 2.00e+00,        +7.144111772086e-05,        -2.581132041907e-06,        -9.931528541989e+04,        -1.368335241246e+05
 3.00e+00,        -6.199167819737e-02,        +6.718476888708e-02,        +8.309215286037e+04,        -4.853818764596e+03
