        m,               Re{I[1]} (A),               Im{I[1]} (A),               Re{I[2]} (A),               Im{I[2]} (A)
 1.00e+00,        +6.730615101467e-02,        -8.704692863076e-03,        -1.578003993603e+00,        +9.180339539768e-01
 2.00e+00,        -1.626692734444e-04,        +1.053499335745e-04,        +1.476164072533e+02,        -7.053308196379e+02
 3.00e+00,        +4.059653865531e-02,        -5.402306066768e-02,        +5.369525610084e+03,        -4.439034475111e+02
