        m,                   Q_ext[1],             κ_ext[1] (GHz),                   Q_ext[2],             κ_ext[2] (GHz)
 1.00e+00,        +1.453566431446e+00,        +3.815736326646e+00,        +9.016462347642e+11,        -6.151443905396e-12
 2.00e+00,        +4.185061805308e+04,        +3.723755291753e-04,        +5.173096138185e+03,        -3.012537487713e-03
 3.00e+00,        +4.523821961455e+00,        +3.789063805145e+00,        +8.207794287572e+04,        -2.088386898417e-04
