        m,                   Q_ext[1],             κ_ext[1] (GHz),                   Q_ext[2],             κ_ext[2] (GHz)
 1.00e+00,        +5.684876118047e-01,        -1.126106247064e+01,        +1.074321016809e+07,        -5.958902795489e-07
 2.00e+00,        +2.651479085421e+06,        +6.765798605537e-06,        +2.133025634910e+01,        -8.410294374876e-01
 3.00e+00,        +1.727968485807e+00,        -1.106353849837e+01,        +9.379655503130e+01,        +2.038182091049e-01
