        m,                   Q_ext[1],             κ_ext[1] (GHz)
 1.00e+00,        +8.606935522226e-01,        +1.011477702143e+01
 2.00e+00,        +1.954132065285e+04,        -1.104393858372e-03
 3.00e+00,        +2.550446647907e+00,        -1.008463268402e+01
