        m,               Re{V[1]} (V),               Im{V[1]} (V),               Re{V[2]} (V),               Im{V[2]} (V)
 1.00e+00,        +2.950035016308e+00,        -9.716008413121e-01,        -5.102390809514e-13,        -2.514514757225e-12
 2.00e+00,        +2.393219284096e-02,        -2.065411585830e-02,        +2.687752407536e-08,        +8.308611133960e-08
 3.00e+00,        -3.092708834149e+00,        -1.845613528225e-01,        +2.748627357074e-07,        +1.596450236238e-07
