        m,               Re{I[1]} (A),               Im{I[1]} (A),               Re{I[2]} (A),               Im{I[2]} (A)
 1.00e+00,        +5.900070032615e-02,        -1.943201682624e-02,        -5.102390809514e-01,        -2.514514757225e+00
 2.00e+00,        +4.786438568193e-04,        -4.130823171660e-04,        +2.687752407536e+04,        +8.308611133960e+04
 3.00e+00,        -6.185417668297e-02,        -3.691227056450e-03,        +2.748627357074e+05,        +1.596450236238e+05
