        m,               Re{I[1]} (A),               Im{I[1]} (A),               Re{I[2]} (A),               Im{I[2]} (A)
 1.00e+00,        +4.790236438133e-02,        -9.687816156896e-03,        +1.944527858564e-01,        +6.654866916217e-01
 2.00e+00,        +8.723801111047e-05,        +2.749156481348e-05,        +5.627752732971e+03,        +3.903962708670e+03
 3.00e+00,        -4.477221179420e-02,        -1.792792204386e-02,        -1.820025299980e+04,        -6.568207215752e+03
