        m,                   Q_ext[1],             κ_ext[1] (GHz),                   Q_ext[2],             κ_ext[2] (GHz)
 1.00e+00,        +8.709339824806e-01,        +9.807281894438e+00,        +8.102305930605e+10,        -1.054205450990e-10
 2.00e+00,        +3.181953549389e+05,        -6.782191350783e-05,        +1.512811396311e+05,        +1.426524013098e-04
