        m,                  p_surf[1],                  Q_surf[1],                  p_surf[2],                  Q_surf[2],                  p_surf[3],                  Q_surf[3]
 1.00e+00,        +1.259477998842e-04,        +1.323299548066e+06,        +1.599118589512e-04,        +2.084481635818e+07,        +1.205048578777e-06,        +1.659684128278e+09
 2.00e+00,        +6.510650161496e-05,        +2.559908189390e+06,        +8.993994303483e-05,        +3.706176834071e+07,        +6.885328784005e-07,        +2.904726938598e+09
 3.00e+00,        +1.256245983816e-04,        +1.326704075586e+06,        +1.588335691379e-04,        +2.098632771035e+07,        +1.199070730884e-06,        +1.667958318461e+09
