        m,                  p_surf[1],                  Q_surf[1],                  p_surf[2],                  Q_surf[2],                  p_surf[3],                  Q_surf[3]
 1.00e+00,        +1.017493879467e-04,        +1.638011491076e+06,        +6.742447498000e-05,        +4.943803172842e+07,        +4.974517509334e-07,        +4.020490421930e+09
 2.00e+00,        +4.743001297897e-05,        +3.513949421447e+06,        +4.457828091836e-05,        +7.477482901232e+07,        +3.563516222815e-07,        +5.612434109869e+09
 3.00e+00,        +1.015836181478e-04,        +1.640684489345e+06,        +6.678650782097e-05,        +4.991028041575e+07,        +4.996113636952e-07,        +4.003111508929e+09
