        m,                  p_surf[1],                  Q_surf[1],                  p_surf[2],                  Q_surf[2],                  p_surf[3],                  Q_surf[3]
 1.00e+00,        +6.911859794141e-05,        +2.411314344194e+06,        +2.525718438710e-05,        +1.319756502643e+08,        +1.853074664570e-07,        +1.079287326215e+10
 2.00e+00,        +4.580753773692e-05,        +3.638411381635e+06,        +2.980180023307e-05,        +1.118500663471e+08,        +2.289599465544e-07,        +8.735152283609e+09
 3.00e+00,        +6.868649698292e-05,        +2.426483719327e+06,        +2.455166597320e-05,        +1.357681119062e+08,        +1.869270774734e-07,        +1.069935948838e+10
