        m,                  p_surf[1],                  Q_surf[1],                  p_surf[2],                  Q_surf[2],                  p_surf[3],                  Q_surf[3]
 1.00e+00,        +6.846642799632e-05,        +2.434283071926e+06,        +2.395537835360e-05,        +1.391475970085e+08,        +1.870871255985e-07,        +1.069020646719e+10
 2.00e+00,        +4.082957254816e-05,        +4.082008609571e+06,        +2.713074144832e-05,        +1.228618591085e+08,        +2.233522549390e-07,        +8.954465225998e+09
 3.00e+00,        +6.864160692919e-05,        +2.428070584632e+06,        +2.434669392263e-05,        +1.369111282183e+08,        +1.839777233449e-07,        +1.087088134171e+10
