        m,                  p_surf[1],                  Q_surf[1],                  p_surf[2],                  Q_surf[2],                  p_surf[3],                  Q_surf[3]
 1.00e+00,        +6.693828460758e-05,        +2.489855657995e+06,        +2.311210637244e-05,        +1.442245583167e+08,        +1.788388871869e-07,        +1.118325008313e+10
 2.00e+00,        +3.844012981910e-05,        +4.335746717063e+06,        +2.597196863419e-05,        +1.283434991118e+08,        +2.159881937051e-07,        +9.259765386669e+09
 3.00e+00,        +6.713373938188e-05,        +2.482606632689e+06,        +2.325522979218e-05,        +1.433369338046e+08,        +1.797957892929e-07,        +1.112373102766e+10
