        m,                  p_surf[1],                  Q_surf[1],                  p_surf[2],                  Q_surf[2],                  p_surf[3],                  Q_surf[3]
 1.00e+00,        +6.781604706652e-05,        +2.457628745350e+06,        +2.284273165164e-05,        +1.459253378347e+08,        +1.828442877883e-07,        +1.093826897297e+10
 2.00e+00,        +4.056828437988e-05,        +4.108299604342e+06,        +2.680912928942e-05,        +1.243357550836e+08,        +2.185253086492e-07,        +9.152257980380e+09
 3.00e+00,        +6.816414784220e-05,        +2.445078123070e+06,        +2.374574274704e-05,        +1.403760399851e+08,        +1.841960851472e-07,        +1.085799406867e+10
