        m,                  p_surf[1],                  Q_surf[1],                  p_surf[2],                  Q_surf[2],                  p_surf[3],                  Q_surf[3]
 1.00e+00,        +1.022728926037e-04,        +1.629626995224e+06,        +6.744471752544e-05,        +4.942319362634e+07,        +5.028287883779e-07,        +3.977497005396e+09
 2.00e+00,        +4.751373508699e-05,        +3.507757627590e+06,        +4.448275504209e-05,        +7.493540654529e+07,        +3.567947432245e-07,        +5.605463751862e+09
