        m,                  p_surf[1],                  Q_surf[1],                  p_surf[2],                  Q_surf[2],                  p_surf[3],                  Q_surf[3]
 1.00e+00,        +6.901967202978e-05,        +2.414770481592e+06,        +2.454918298010e-05,        +1.357818439838e+08,        +1.859987820602e-07,        +1.075275858179e+10
 2.00e+00,        +4.595848501894e-05,        +3.626461285614e+06,        +3.016657069437e-05,        +1.104975891063e+08,        +2.316801576255e-07,        +8.632590811824e+09
 3.00e+00,        +6.876701976949e-05,        +2.423642426636e+06,        +2.436535222723e-05,        +1.368062855093e+08,        +1.881861062419e-07,        +1.062777715072e+10
