                       Norm,                    Minimum,                    Maximum,                       Mean
        +2.930840832500e-01,        +1.002898466831e-07,        +9.093680383214e-03,        +3.323867832469e-04
