        i,              Φ_elec[1] (C),              Φ_elec[2] (C)
 1.00e+00,        +1.301235901061e-11,        -2.889591520097e-13
 2.00e+00,        -3.509991256565e-12,        +2.977901193742e-13
