        i,                 E_elec (J),                  E_mag (J),                  E_cap (J),                  E_ind (J)
 1.00e+00,        +9.097909289768e-02,        +0.000000000000e+00,        +0.000000000000e+00,        +0.000000000000e+00
 2.00e+00,        +2.253320066006e-02,        +0.000000000000e+00,        +0.000000000000e+00,        +0.000000000000e+00
 3.00e+00,        +2.461807724732e-02,        +0.000000000000e+00,        +0.000000000000e+00,        +0.000000000000e+00
