        i,                 E_elec (J),                  E_mag (J),                  E_cap (J),                  E_ind (J)
 1.00e+00,        +9.222930553356e-02,        +0.000000000000e+00,        +0.000000000000e+00,        +0.000000000000e+00
 2.00e+00,        +2.808917374620e-02,        +0.000000000000e+00,        +0.000000000000e+00,        +0.000000000000e+00
 3.00e+00,        +2.638445782761e-02,        +0.000000000000e+00,        +0.000000000000e+00,        +0.000000000000e+00
