                       Norm,                    Minimum,                    Maximum,                       Mean
        +4.478211947026e-01,        +3.939436413550e-08,        +2.137683028703e-02,        +5.794577228397e-04
