                       Norm,                    Minimum,                    Maximum,                       Mean
        +3.305967204844e-01,        +5.632779078375e-07,        +6.006824555811e-02,        +5.141041246674e-04
