                       Norm,                    Minimum,                    Maximum,                       Mean
        +3.217298141509e-01,        +2.125723033297e-07,        +3.612687734157e-02,        +3.749607446861e-04
