                       Norm,                    Minimum,                    Maximum,                       Mean
        +3.318332594151e-01,        +7.052755050000e-07,        +4.499214364081e-02,        +5.190931222710e-04
