                       Norm,                    Minimum,                    Maximum,                       Mean
        +3.255631238418e-01,        +3.805415206189e-07,        +3.069620581317e-02,        +5.169168973669e-04
