        i,              Φ_elec[1] (C),              Φ_elec[2] (C),              Φ_elec[3] (C)
 1.00e+00,        +4.944191906737e-12,        -1.192104979321e-12,        -2.142718438419e-13
 2.00e+00,        -4.709680647450e-13,        +1.547551950200e-12,        +1.285816057158e-14
 3.00e+00,        -5.810736754491e-14,        -9.031696601142e-14,        +2.076503822415e-13
