        i,              Φ_elec[1] (C),              Φ_elec[2] (C),              Φ_elec[3] (C)
 1.00e+00,        +6.943505830059e-12,        -2.389428709777e-12,        -1.829026630680e-13
 2.00e+00,        -1.198419406881e-12,        +2.726110816058e-12,        +2.570672006927e-14
 3.00e+00,        -2.391052963339e-13,        -1.430530104023e-13,        +1.594069436727e-13
