        i,              Φ_elec[1] (C),              Φ_elec[2] (C),              Φ_elec[3] (C)
 1.00e+00,        +4.966318557293e-12,        -1.188807735899e-12,        -1.714867795712e-13
 2.00e+00,        -4.802445409550e-13,        +1.543465595647e-12,        +1.361362678710e-14
 3.00e+00,        -6.248054969806e-14,        -9.052590484196e-14,        +1.638159178441e-13
