        i,              Φ_elec[1] (C),              Φ_elec[2] (C),              Φ_elec[3] (C)
 1.00e+00,        +3.095867838819e-12,        -8.279585431671e-13,        -7.500896450260e-13
 2.00e+00,        -8.858219071898e-13,        +9.615997241195e-13,        -6.004699053072e-14
 3.00e+00,        -7.392229466727e-13,        -6.021929279873e-14,        +8.287209901809e-13
