{
  "qubit_frequency_ghz": 2.853105648970196,
  "cavity_frequency_ghz": 5.23867575168,
  "anharmonicity_mhz": -156.5508312991959,
  "coupling_g_mhz": 71.74096381136455,
  "kappa_khz": 210.513077332,
  "resonator_type": "quarter"
}