{
  "EC": 0.18048824356790302,
  "claw_to_claw": 102.50358,
  "claw_to_ground": 94.66779,
  "cross_to_claw": 7.2447,
  "cross_to_cross": 100.07658,
  "cross_to_ground": 100.07658,
  "ground_to_ground": 246.94274
}