{
  "EC": 0.10501468358240976,
  "claw_to_claw": 147.10356,
  "claw_to_ground": 135.50188,
  "cross_to_claw": 10.97035,
  "cross_to_cross": 173.48223,
  "cross_to_ground": 173.48223,
  "ground_to_ground": 373.86346
}