{
  "qubit_frequency_ghz": 3.662129651932757,
  "cavity_frequency_ghz": 7.20562650895,
  "anharmonicity_mhz": -205.10983874211598,
  "coupling_g_mhz": 98.90343319796943,
  "kappa_khz": 405.80760307199995,
  "resonator_type": "quarter"
}