{
  "EC": 0.13812952534393005,
  "claw_to_claw": 124.89207,
  "claw_to_ground": 114.95193,
  "cross_to_claw": 9.36517,
  "cross_to_cross": 130.86719,
  "cross_to_ground": 130.86719,
  "ground_to_ground": 303.89678
}