{
  "capacitance": {
    "full": null,
    "full_no_jj": null,
    "junction": null,
    "transmon": {
      "CGROUND-CGROUND": 3.643456012e-13,
      "CGROUND-CCROSS": -9.141755773e-14,
      "CGROUND-CCLAW": -8.687725105e-14,
      "CCROSS-CCROSS": 1.052126951e-13,
      "CCROSS-CCLAW": -6.775188353e-15,
      "CCLAW-CCLAW": 9.621548801e-14
    },
    "transmon_no_jj": {
      "CGROUND-CGROUND": 3.63213338e-13,
      "CGROUND-CCROSS": -9.082970426e-14,
      "CGROUND-CCLAW": -8.684138604e-14,
      "CCROSS-CCROSS": 1.045023281e-13,
      "CCROSS-CCLAW": -6.778424759e-15,
      "CCLAW-CCLAW": 9.609729708e-14
    },
    "resonator": {
      "CGROUND-CGROUND": 9.211956209e-13,
      "CGROUND-CRESONATOR": -5.293282571e-13,
      "CRESONATOR-CRESONATOR": 5.539453717e-13
    },
    "feedline": {
      "CGROUND-CGROUND": 1.314157309e-12,
      "CGROUND-CFEEDLINE": -7.336707431e-13,
      "CFEEDLINE-CFEEDLINE": 7.528388656e-13
    }
  },
  "inductance": {
    "full": null,
    "full_no_jj": null,
    "junction": null,
    "transmon": null,
    "transmon_no_jj": null,
    "resonator": {
      "L1": 1.5865456e-09
    },
    "feedline": null
  },
  "sparams": {
    "full": null,
    "full_no_jj": null,
    "junction": null,
    "transmon": {
      "S11": [
        -0.000345273,
        -0.000702499,
        -0.00118221,
        -0.00178127,
        -0.00249792,
        -0.0033262,
        -0.00425695,
        -0.00529303
      ],
      "S12": [
        -41.0987,
        -38.0144,
        -35.755,
        -33.974,
        -32.5079,
        -31.2651,
        -30.1905,
        -29.2462
      ],
      "S21": [
        -40.894,
        -37.8091,
        -35.548,
        -33.7689,
        -32.2987,
        -31.0549,
        -29.9874,
        -29.0407
      ],
      "S22": [
        -0.000345273,
        -0.000702499,
        -0.00118221,
        -0.00178127,
        -0.00249792,
        -0.0033262,
        -0.00425695,
        -0.00529303
      ],
      "freq": [
        2000000000.0,
        2857140000.0,
        3714290000.0,
        4571430000.0,
        5428570000.0,
        6285710000.0,
        7142860000.0,
        8000000000.0
      ]
    },
    "transmon_no_jj": {
      "S11": [
        -0.000345498,
        -0.000703158,
        -0.00118367,
        -0.00178391,
        -0.00250208,
        -0.00332935,
        -0.004266,
        -0.00530303
      ],
      "S12": [
        -41.0954,
        -38.0101,
        -35.7486,
        -33.9669,
        -32.5004,
        -31.2578,
        -30.1825,
        -29.2376
      ],
      "S21": [
        -40.8917,
        -37.8052,
        -35.5436,
        -33.7631,
        -32.2917,
        -31.054,
        -29.977,
        -29.0329
      ],
      "S22": [
        -0.000345498,
        -0.000703158,
        -0.00118367,
        -0.00178391,
        -0.00250208,
        -0.00332935,
        -0.004266,
        -0.00530303
      ],
      "freq": [
        2000000000.0,
        2857140000.0,
        3714290000.0,
        4571430000.0,
        5428570000.0,
        6285710000.0,
        7142860000.0,
        8000000000.0
      ]
    },
    "resonator": null,
    "feedline": null
  },
  "electric_field": {},
  "magnetic_field": {}
}