{
  "capacitance": {
    "full": null,
    "full_no_jj": null,
    "junction": null,
    "transmon": {
      "CGROUND-CGROUND": 3.645664453e-13,
      "CGROUND-CCROSS": -9.218621379e-14,
      "CGROUND-CCLAW": -8.684794841e-14,
      "CCROSS-CCROSS": 1.055738315e-13,
      "CCROSS-CCLAW": -6.621291633e-15,
      "CCLAW-CCLAW": 9.631467642e-14
    },
    "transmon_no_jj": {
      "CGROUND-CGROUND": 3.620665963e-13,
      "CGROUND-CCROSS": -9.087580476e-14,
      "CGROUND-CCLAW": -8.654942826e-14,
      "CCROSS-CCROSS": 1.048713285e-13,
      "CCROSS-CCLAW": -6.620595898e-15,
      "CCLAW-CCLAW": 9.620465883e-14
    },
    "resonator": {
      "CGROUND-CGROUND": 8.332492864e-13,
      "CGROUND-CRESONATOR": -5.176595207e-13,
      "CRESONATOR-CRESONATOR": 5.264662521e-13
    },
    "feedline": {
      "CGROUND-CGROUND": 1.32174605e-12,
      "CGROUND-CFEEDLINE": -7.370731694e-13,
      "CFEEDLINE-CFEEDLINE": 7.538815173e-13
    }
  },
  "inductance": {
    "full": null,
    "full_no_jj": null,
    "junction": null,
    "transmon": null,
    "transmon_no_jj": null,
    "resonator": {
      "L1": 1.288007532e-09
    },
    "feedline": null
  },
  "sparams": {
    "full": null,
    "full_no_jj": null,
    "junction": null,
    "transmon": {
      "S11": [
        -0.000341663,
        -0.000695106,
        -0.00116914,
        -0.00176191,
        -0.0024691,
        -0.00328603,
        -0.00421251,
        -0.00523503
      ],
      "S12": [
        -41.2909,
        -38.205,
        -35.9504,
        -34.1695,
        -32.7043,
        -31.4614,
        -30.3814,
        -29.4358
      ],
      "S21": [
        -40.7931,
        -37.7104,
        -35.4492,
        -33.6683,
        -32.2031,
        -30.9641,
        -29.8876,
        -28.9468
      ],
      "S22": [
        -0.000341663,
        -0.000695106,
        -0.00116914,
        -0.00176191,
        -0.0024691,
        -0.00328603,
        -0.00421251,
        -0.00523503
      ],
      "freq": [
        2000000000.0,
        2857140000.0,
        3714290000.0,
        4571430000.0,
        5428570000.0,
        6285710000.0,
        7142860000.0,
        8000000000.0
      ]
    },
    "transmon_no_jj": {
      "S11": [
        -0.000341822,
        -0.000696564,
        -0.00117279,
        -0.00176703,
        -0.00247368,
        -0.00330123,
        -0.00421842,
        -0.00524418
      ],
      "S12": [
        -41.2919,
        -38.1943,
        -35.927,
        -34.1532,
        -32.6984,
        -31.4355,
        -30.3819,
        -29.4351
      ],
      "S21": [
        -40.7881,
        -37.7028,
        -35.4455,
        -33.6594,
        -32.1929,
        -30.95,
        -29.875,
        -28.9322
      ],
      "S22": [
        -0.000341822,
        -0.000696564,
        -0.00117279,
        -0.00176703,
        -0.00247368,
        -0.00330123,
        -0.00421842,
        -0.00524418
      ],
      "freq": [
        2000000000.0,
        2857140000.0,
        3714290000.0,
        4571430000.0,
        5428570000.0,
        6285710000.0,
        7142860000.0,
        8000000000.0
      ]
    },
    "resonator": {
      "S11": [
        -45.6215,
        -42.6462,
        -40.5342,
        -38.9433,
        -37.7108,
        -36.747,
        -35.9984,
        -35.4309
      ],
      "S22": [
        -45.6215,
        -42.6462,
        -40.5342,
        -38.9433,
        -37.7108,
        -36.747,
        -35.9984,
        -35.4309
      ],
      "freq": [
        2000000000.0,
        2857140000.0,
        3714290000.0,
        4571430000.0,
        5428570000.0,
        6285710000.0,
        7142860000.0,
        8000000000.0
      ]
    },
    "feedline": null
  },
  "electric_field": {},
  "magnetic_field": {}
}