{
  "capacitance": {
    "full": null,
    "full_no_jj": null,
    "junction": null,
    "transmon": {
      "C1-C1": 4.896303920221e-13,
      "C1-C2": -1.283999442517e-13,
      "C1-C3": -1.277854024218e-13,
      "C2-C2": 1.491208577726e-13,
      "C2-C3": -9.270937006962e-15,
      "C3-C3": 1.400707980472e-13
    },
    "transmon_no_jj": {
      "C1-C1": 4.876053637075e-13,
      "C1-C2": -1.26541204613e-13,
      "C1-C3": -1.276386413441e-13,
      "C2-C2": 1.472452146863e-13,
      "C2-C3": -9.26579966296e-15,
      "C3-C3": 1.399190074702e-13
    },
    "resonator": {
      "C1-C1": 1.17828063733e-12,
      "C1-C2": -8.643377960227e-13,
      "C2-C2": 8.780739857346e-13
    },
    "feedline": {
      "C1-C1": 1.83413887583e-12,
      "C1-C2": -8.58229562052e-13,
      "C2-C2": 8.874189670644e-13
    }
  },
  "eigenmode": {
    "full": {
      "eigen_mode_frequencies": {
        "mode_1": 2.876931321766,
        "mode_2": 5.574354023922
      },
      "eigen_mode_epr": {
        "mode_1": -0.9903509335848,
        "mode_2": -0.0004228639451768
      }
    },
    "full_no_jj": null,
    "junction": null,
    "transmon": null,
    "transmon_no_jj": null,
    "resonator": {
      "eigen_mode_frequencies": {
        "mode_1": 6.401774510316,
        "mode_2": 17.93937349875,
        "mode_3": 19.11744586669
      },
      "eigen_mode_epr": {}
    },
    "feedline": null
  }
}