{
  "capacitance": {
    "full": null,
    "full_no_jj": null,
    "junction": null,
    "transmon": {
      "C1-C1": 4.848361913645e-13,
      "C1-C2": -9.529065350189e-14,
      "C1-C3": -1.191368751463e-13,
      "C2-C2": 1.210907662129e-13,
      "C2-C3": -6.855620466386e-15,
      "C3-C3": 1.311508399508e-13
    },
    "transmon_no_jj": {
      "C1-C1": 4.813443610611e-13,
      "C1-C2": -9.128340574559e-14,
      "C1-C3": -1.196441858684e-13,
      "C2-C2": 1.171169609783e-13,
      "C2-C3": -6.882856071704e-15,
      "C3-C3": 1.316905229009e-13
    },
    "resonator": {
      "C1-C1": 1.398605798191e-12,
      "C1-C2": -6.933139286025e-13,
      "C2-C2": 7.150283136204e-13
    },
    "feedline": {
      "C1-C1": 2.44718526477e-12,
      "C1-C2": -9.664793397415e-13,
      "C2-C2": 1.019358442337e-12
    }
  },
  "eigenmode": {
    "full": {
      "eigen_mode_frequencies": {
        "mode_1": 3.427309074185,
        "mode_2": 5.941709063518
      },
      "eigen_mode_epr": {
        "mode_1": -0.9923358539995,
        "mode_2": 2.906885081586e-09
      }
    },
    "full_no_jj": {
      "eigen_mode_frequencies": {
        "mode_1": 5.971967824715,
        "mode_2": 10.40849914362
      },
      "eigen_mode_epr": {}
    },
    "junction": null,
    "transmon": null,
    "transmon_no_jj": null,
    "resonator": {
      "eigen_mode_frequencies": {
        "mode_1": 8.239525633942,
        "mode_2": 21.86424080291,
        "mode_3": 24.81447919244
      },
      "eigen_mode_epr": {}
    },
    "feedline": null
  }
}