{
  "capacitance": {
    "full": null,
    "full_no_jj": null,
    "junction": null,
    "transmon": {
      "C1-C1": 6.690221497175e-13,
      "C1-C2": -1.776025021671e-13,
      "C1-C3": -1.716075565655e-13,
      "C2-C2": 2.016920759432e-13,
      "C2-C3": -1.06654261173e-14,
      "C3-C3": 1.854005288678e-13
    },
    "transmon_no_jj": {
      "C1-C1": 6.654933909494e-13,
      "C1-C2": -1.7375345697e-13,
      "C1-C3": -1.719016141883e-13,
      "C2-C2": 1.978108590288e-13,
      "C2-C3": -1.064388450234e-14,
      "C3-C3": 1.856766783093e-13
    },
    "resonator": {
      "C1-C1": 1.36352393411e-12,
      "C1-C2": -1.022050887591e-12,
      "C2-C2": 1.035876280266e-12
    },
    "feedline": {
      "C1-C1": 1.974522773597e-12,
      "C1-C2": -9.884152349076e-13,
      "C2-C2": 1.018436210539e-12
    }
  },
  "eigenmode": {
    "full": {
      "eigen_mode_frequencies": {
        "mode_1": 1.858262838951,
        "mode_2": 5.269639558451
      },
      "eigen_mode_epr": {
        "mode_1": -0.9937579255917,
        "mode_2": 0.0001650013080806
      }
    },
    "full_no_jj": null,
    "junction": null,
    "transmon": null,
    "transmon_no_jj": null,
    "resonator": {
      "eigen_mode_frequencies": {
        "mode_1": 5.689832145178,
        "mode_2": 15.61012222834,
        "mode_3": 17.07693464182
      },
      "eigen_mode_epr": {}
    },
    "feedline": null
  }
}