{
  "capacitance": {
    "full": null,
    "full_no_jj": null,
    "junction": null,
    "transmon": {
      "C1-C1": 4.844262071965e-13,
      "C1-C2": -9.543027570628e-14,
      "C1-C3": -1.185228415264e-13,
      "C2-C2": 1.212848561627e-13,
      "C2-C3": -6.895743648395e-15,
      "C3-C3": 1.305865411074e-13
    },
    "transmon_no_jj": {
      "C1-C1": 4.794982062574e-13,
      "C1-C2": -9.121565094777e-14,
      "C1-C3": -1.178392706053e-13,
      "C2-C2": 1.17026955644e-13,
      "C2-C3": -6.8808351123e-15,
      "C3-C3": 1.298827156259e-13
    },
    "resonator": {
      "C1-C1": 1.397310491857e-12,
      "C1-C2": -6.9893805328e-13,
      "C2-C2": 7.206386931355e-13
    },
    "feedline": {
      "C1-C1": 2.446267844045e-12,
      "C1-C2": -9.653718064695e-13,
      "C2-C2": 1.018053328372e-12
    }
  },
  "eigenmode": {
    "full": null,
    "full_no_jj": {
      "eigen_mode_frequencies": {
        "mode_1": 6.074199373281,
        "mode_2": 10.39297839101
      },
      "eigen_mode_epr": {
        "mode_1": 1.740468330964e-06,
        "mode_2": -2.339602088639e-09
      }
    },
    "junction": null,
    "transmon": null,
    "transmon_no_jj": null,
    "resonator": {
      "eigen_mode_frequencies": {
        "mode_1": 8.541495077633,
        "mode_2": 21.58061784126
      },
      "eigen_mode_epr": {
        "mode_1": 1.624901559503e-06,
        "mode_2": -5.457623970593e-10,
        "mode_3": 1.285361299367e-06
      }
    },
    "feedline": null
  }
}