                       Norm,                    Minimum,                    Maximum,                       Mean
        +5.982355861525e-01,        +3.620314798913e-07,        +1.549901945259e-02,        +4.578364947069e-04
