        m,                   Q_ext[1],             κ_ext[1] (GHz)
 1.00e+00,        +1.319720765693e+00,        +4.467091180638e+00
 2.00e+00,        +3.106405055392e+06,        -3.323356391169e-06
