        m,                  p_surf[1],                  Q_surf[1],                  p_surf[2],                  Q_surf[2],                  p_surf[3],                  Q_surf[3]
 1.00e+00,        +6.510717315152e-05,        +2.559881785664e+06,        +2.376320066995e-05,        +1.402729110287e+08,        +1.739804854917e-07,        +1.149554212558e+10
 2.00e+00,        +2.654778510197e-05,        +6.277987637255e+06,        +2.151622437577e-05,        +1.549218522320e+08,        +1.809823605122e-07,        +1.105080072080e+10
