        i,                 E_elec (J),                  E_mag (J),                  E_cap (J),                  E_ind (J)
 1.00e+00,        +1.253557668897e-01,        +0.000000000000e+00,        +0.000000000000e+00,        +0.000000000000e+00
 2.00e+00,        +3.726067346408e-02,        +0.000000000000e+00,        +0.000000000000e+00,        +0.000000000000e+00
 3.00e+00,        +3.497501661104e-02,        +0.000000000000e+00,        +0.000000000000e+00,        +0.000000000000e+00
