        i,                 E_elec (J),                  E_mag (J),                  E_cap (J),                  E_ind (J)
 1.00e+00,        +9.054135073357e-02,        +0.000000000000e+00,        +0.000000000000e+00,        +0.000000000000e+00
 2.00e+00,        +2.204330147636e-02,        +0.000000000000e+00,        +0.000000000000e+00,        +0.000000000000e+00
 3.00e+00,        +2.468801767991e-02,        +0.000000000000e+00,        +0.000000000000e+00,        +0.000000000000e+00
