        i,                 E_elec (J),                  E_mag (J),                  E_cap (J),                  E_ind (J)
 1.00e+00,        +9.066850601292e-02,        +0.000000000000e+00,        +0.000000000000e+00,        +0.000000000000e+00
 2.00e+00,        +2.206075471056e-02,        +0.000000000000e+00,        +0.000000000000e+00,        +0.000000000000e+00
 3.00e+00,        +2.480590598623e-02,        +0.000000000000e+00,        +0.000000000000e+00,        +0.000000000000e+00
