                       Norm,                    Minimum,                    Maximum,                       Mean
        +3.142192926036e-01,        +5.620119417331e-07,        +1.745252812561e-02,        +5.074627600310e-04
