                       Norm,                    Minimum,                    Maximum,                       Mean
        +3.172820709756e-01,        +4.717985411862e-07,        +1.690381448963e-02,        +5.106082124336e-04
