                       Norm,                    Minimum,                    Maximum,                       Mean
        +2.510520967916e-01,        +5.718475056717e-08,        +1.675939047147e-02,        +3.206069700981e-04
