                       Norm,                    Minimum,                    Maximum,                       Mean
        +4.438969455371e-01,        +3.981336865407e-08,        +2.072414349983e-02,        +5.696917171449e-04
