                       Norm,                    Minimum,                    Maximum,                       Mean
        +3.160439625033e-01,        +2.169564928806e-07,        +1.382637012386e-02,        +3.726893033055e-04
