                       Norm,                    Minimum,                    Maximum,                       Mean
        +3.214578549083e-01,        +3.573143460502e-07,        +1.502019787465e-02,        +5.111120112870e-04
