        i,              Φ_elec[1] (C),              Φ_elec[2] (C),              Φ_elec[3] (C)
 1.00e+00,        +4.945440915133e-12,        -1.197058229826e-12,        -1.910820644809e-13
 2.00e+00,        -4.726532446606e-13,        +1.552230609144e-12,        +1.331681942665e-14
 3.00e+00,        -5.034650469572e-14,        -8.906876757531e-14,        +1.838056742785e-13
