        i,              Φ_elec[1] (C),              Φ_elec[2] (C),              Φ_elec[3] (C)
 1.00e+00,        +6.900116045065e-12,        -2.354361357888e-12,        -2.150319595160e-13
 2.00e+00,        -1.196895922529e-12,        +2.690607431138e-12,        +2.541581487054e-14
 3.00e+00,        -1.955276076257e-13,        -1.444563416152e-13,        +1.918477379378e-13
