        i,              Φ_elec[1] (C),              Φ_elec[2] (C),              Φ_elec[3] (C)
 1.00e+00,        +4.826573478474e-12,        -1.285996889126e-12,        -2.249923002654e-13
 2.00e+00,        -3.630373296463e-13,        +1.678905982124e-12,        +1.498265592923e-14
 3.00e+00,        +4.294731955645e-14,        -1.023781775094e-13,        +2.160873653028e-13
