        i,              Φ_elec[1] (C),              Φ_elec[2] (C),              Φ_elec[3] (C)
 1.00e+00,        +3.085568301641e-12,        -8.270881412767e-13,        -7.537038515403e-13
 2.00e+00,        -8.800790445744e-13,        +9.619218489056e-13,        -5.975456811147e-14
 3.00e+00,        -7.388973710450e-13,        -6.115362985028e-14,        +8.320997576146e-13
