        i,              Φ_elec[1] (C),              Φ_elec[2] (C),              Φ_elec[3] (C)
 1.00e+00,        +4.990126258033e-12,        -1.178216912746e-12,        -1.805765730044e-13
 2.00e+00,        -4.758006213857e-13,        +1.531914620301e-12,        +1.330864628862e-14
 3.00e+00,        -8.945212204043e-14,        -8.965908700447e-14,        +1.732952308228e-13
