                       Norm,                    Minimum,                    Maximum,                       Mean
        +2.575747427425e-01,        +4.509585787042e-08,        +1.965963597669e-02,        +3.274318792720e-04
