                       Norm,                    Minimum,                    Maximum,                       Mean
        +2.861905813557e-01,        +2.294510789679e-08,        +2.476268880580e-02,        +2.866750344522e-04
