        i,              Φ_elec[1] (C),              Φ_elec[2] (C)
 1.00e+00,        +2.239640987417e-11,        -1.072436303275e-11
 2.00e+00,        +1.225112678915e-14,        +1.125264477068e-11
